[{"model": "catalog.category", "pk": 1, "fields": {"name": "Tees"}}, {"model": "catalog.category", "pk": 2, "fields": {"name": "Jackets"}}, {"model": "catalog.category", "pk": 3, "fields": {"name": "Vinyl Records"}}, {"model": "catalog.category", "pk": 4, "fields": {"name": "CDs"}}, {"model": "catalog.category", "pk": 6, "fields": {"name": "Hoodies"}}, {"model": "catalog.band", "pk": 1, "fields": {"name": "The Beatles", "genre": "Rock"}}, {"model": "catalog.band", "pk": 2, "fields": {"name": "The Rolling Stones", "genre": "Rock"}}, {"model": "catalog.band", "pk": 3, "fields": {"name": "Metallica", "genre": "Hard Rock, Metal"}}, {"model": "catalog.band", "pk": 4, "fields": {"name": "Scorpions", "genre": "Rock, Hard Rock"}}, {"model": "catalog.band", "pk": 5, "fields": {"name": "Pink Floyd", "genre": "Rock"}}, {"model": "catalog.band", "pk": 6, "fields": {"name": "Nirvana", "genre": "Rock, Grunge Rock, Punk Rock, Alternative Rock"}}, {"model": "catalog.band", "pk": 7, "fields": {"name": "AC/DC", "genre": "Rock, Hard Rock"}}, {"model": "catalog.band", "pk": 8, "fields": {"name": "The Doors", "genre": "Rock"}}, {"model": "catalog.band", "pk": 9, "fields": {"name": "Guns N' Roses", "genre": "Rock, Hard Rock"}}, {"model": "catalog.band", "pk": 10, "fields": {"name": "Led Zeppelin", "genre": "Rock, Hard Rock"}}, {"model": "catalog.band", "pk": 11, "fields": {"name": "U2", "genre": "Rock"}}, {"model": "catalog.band", "pk": 12, "fields": {"name": "Black Sabbath", "genre": "Rock, Hard Rock, Metal"}}, {"model": "catalog.band", "pk": 13, "fields": {"name": "Iron Maiden", "genre": "Hard Rock, Heavy Metal"}}, {"model": "catalog.band", "pk": 14, "fields": {"name": "Foo Fighters", "genre": "Alternative Rock, Grunge"}}, {"model": "catalog.band", "pk": 15, "fields": {"name": "Radiohead", "genre": "Art Rock, Alternative Rock"}}, {"model": "catalog.band", "pk": 16, "fields": {"name": "Queen", "genre": "Rock"}}, {"model": "catalog.band", "pk": 17, "fields": {"name": "Linkin Park", "genre": "Alternative Rock, Heavy Metal, Hip Hop"}}, {"model": "catalog.band", "pk": 18, "fields": {"name": "Green Day", "genre": "Punk Rock"}}, {"model": "catalog.band", "pk": 19, "fields": {"name": "Judas Priest", "genre": "Heavy Metal"}}, {"model": "catalog.band", "pk": 20, "fields": {"name": "Ramones", "genre": "Punk Rock"}}, {"model": "catalog.band", "pk": 21, "fields": {"name": "Red Hot Chili Peppers", "genre": "Alternative Rock, Funk"}}, {"model": "catalog.band", "pk": 22, "fields": {"name": "Muse", "genre": "Alternative, Progressive Rock"}}, {"model": "catalog.band", "pk": 23, "fields": {"name": "Eagles", "genre": "Country Rock"}}, {"model": "catalog.item", "pk": 1, "fields": {"name": "The Beatles T-Shirt", "description": "Embrace the timeless allure of the Fab Four with this elegant Beatles T-shirt. ItÆs a minimalist tribute to the band that changed music forever, featuring a classic black typeface that spells out \"The Beatles\" against a pristine white background. This T-shirt embodies the simplicity and sophistication that the band brought to the world of music.\r\n\r\nCrafted from soft, breathable cotton, it promises all-day comfort whether you're out on a sunny day or relaxing at a cafÚ. The shirtÆs clean design makes it a versatile piece that's just as suitable for a casual outfit as it is for a layered, dressier look.\r\n\r\nHere's what makes this T-shirt a must-have for any Beatles aficionado:\r\n\r\nKey Features:\r\n\r\nOfficially licensed Beatles merchandise\r\nIconic \"The Beatles\" lettering in a vintage font\r\nMade from high-quality, 100% cotton fabric for lasting comfort\r\nA classic crew neck fit that flatters every body type\r\nVersatile wearability for any occasion\r\nSporting this T-shirt isnÆt just about fashion; itÆs about making a statement of enduring musical legacy. It's about the Sunday mornings spent with vinyl records, the melody of 'Yesterday' echoing softly, and the cultural phenomenon that reshaped the future of rock and roll.\r\n\r\nOwn a piece of history, and let the legacy of The Beatles continue with every wear.", "price": "20.00", "category": 1, "band": 1, "image": "item_images/TheBealtes_T-shirt_.png", "is_featured": false}}, {"model": "catalog.item", "pk": 2, "fields": {"name": "The Stones Tongue logo Tee", "description": "The Rolling Stones Tongue Logo T-Shirt\r\n\r\nCapture the essence of rock and roll with this classic Rolling Stones Tongue Logo T-shirt. Emblazoned with the band's instantly recognizable logo, this tee is more than just clothing; it's a statement. The vibrant red tongue against the stark contrast of the tee's blue fabric makes for a striking visual that's sure to turn heads.\r\n\r\nMade with premium-quality, soft cotton fabric, this T-shirt ensures comfort and durability for all-day wear. The unisex cut is suitable for fans of all genders and fits a variety of body types with ease, making it a versatile addition to any wardrobe.\r\n\r\nWhether you're off to a concert or just hanging out with friends, this T-shirt pays homage to one of the greatest rock bands of all time. It's not just a piece of merchandise; it's a piece of music history.\r\n\r\nKey Features:\r\n\r\nOfficial Rolling Stones merchandise\r\nIconic Tongue and Lip Design in high-definition print\r\n100% cotton for maximum comfort and longevity\r\nUnisex fit that's perfect for all fans\r\nAvailable in a range of sizes\r\nWear it to a concert or make it your go-to weekend choice, this T-shirt is a perfect way to show off your love for The Rolling Stones and keep the spirit of rock alive!", "price": "20.00", "category": 1, "band": 2, "image": "item_images/TheRollingStones_Tongue_Logo_T-Shirt.png", "is_featured": true}}, {"model": "catalog.item", "pk": 3, "fields": {"name": "Metallica Leather Jacket", "description": "Unleash your inner rock god with this sleek Metallica leather jacket, a statement piece for any fan ready to channel the band's legendary hard-edged vibe. This jacket isn't just a nod to metalùit's a full-on tribute to one of the most influential bands in the history of rock.\r\n\r\nMade from premium quality leather, it's as enduring as Metallica's anthemic soundtracks, designed to weather the mosh pit and the elements. The back of the jacket features the iconic Metallica logo in sharp, silver graphics, instantly recognizable and exuding the band's raw, unapologetic spirit.\r\n\r\nKey Features:\r\n\r\nLuxurious, genuine leather for unmatched style and durability\r\nBold Metallica logo emblazoned on the back\r\nClassic biker jacket design with a modern fit\r\nZippered sleeves and pockets for functional edge\r\nSatin lining for comfort and a touch of hidden luxury\r\nWhether you're heading to a concert or cruising the city streets, this jacket commands respect with its imposing presence. It's more than apparel; it's armor for those who live and breathe the ethos of rock. So, button up, hit play on 'Enter Sandman,' and prepare to be the master of puppets as you strut your stuff in true metal fashion.", "price": "60.00", "category": 2, "band": 3, "image": "item_images/Metallica_jacket.png", "is_featured": true}}, {"model": "catalog.item", "pk": 4, "fields": {"name": "Scorpions Jacket", "description": "Steeped in the heritage of rock, this exclusive Scorpions denim jacket is a symbol of musical rebellion and timeless style. Flaunting the ScorpionsÆ legendary logo with an intricately designed, embossed scorpion, this jacket captures the spirit of the iconic German rockers known for classics like \"Wind of Change\" and \"Rock You Like a Hurricane.\"\r\n\r\nEvery stitch of this jacket tells a story of rock history, with the bandÆs name emblazoned across the shoulders in a vintage font that echoes the anthems of generations. The centerpiece, a masterfully crafted scorpion, sits within a laurel wreath, symbolizing the triumph and enduring legacy of the band.\r\n\r\nKey Features:\r\n\r\nPremium denim construction that's rugged yet comfortable for everyday wear.\r\nMajestic Scorpions logo on the back, crafted with precision and attention to detail.\r\nClassic button-front design, complete with pockets and a timeless collar.\r\nCustom metal hardware featuring subtle band branding.\r\nThe vintage wash and tailored fit for an authentic rocker vibe.\r\nThis jacket isn't just a piece of clothing; it's a wearable concert, a portable homage to the Scorpions, and a statement that you live by the rhythm of rock. With its undeniable presence, this jacket will be the cornerstone of any rock enthusiast's wardrobe, perfect for concert nights or simply bringing the essence of rock 'n' roll into daily life.\r\n\r\nSlip it on, crank up the volume, and let every thread of this jacket resonate with the power chords of ScorpionsÆ immortal hits. It's more than a jacket; it's a tribute to a legacy.", "price": "60.00", "category": 2, "band": 4, "image": "item_images/Scorpions_Jacket.png", "is_featured": false}}, {"model": "catalog.item", "pk": 5, "fields": {"name": "'The Dark Side of the Moon' vinyl record", "description": "Immerse yourself in the auditory spectacle that is Pink Floyd's \"The Dark Side of the Moon,\" presented here in its most authentic form: vinyl. This isn't just an album; it's a piece of musical history, a journey through sound that transformed the landscape of rock music.\r\n\r\nFrom the iconic heartbeat opening to the soul-stirring guitar solos, every note on this vinyl record is a testament to Pink Floyd's genius. The prism and rainbow on the cover aren't merely designs; they are symbols of the band's exploration into the complex spectrum of human experience, light and sound, life and madness, pressure and time.\r\n\r\nKey Features:\r\n\r\nA pristine vinyl pressing of one of the most acclaimed albums in rock history.\r\nThe unforgettable album art, a visual echo of the sound within.\r\nMasterfully engineered sound quality that takes you back to the albumÆs original 1973 release.\r\nThe warmth of analog audio that digital formats can only aspire to.\r\nWith each spin of this record, you're not just listening to music; you're participating in a ritual that has moved millions. Whether it's the familiarity of \"Money\" or the haunting depths of \"Us and Them,\" this record promises an immersive listening experience.\r\n\r\nAs the needle drops, the crackle of anticipation is just the beginning. With every rotation, \"The Dark Side of the Moon\" offers a moment to reflect, to dream, and to escape into the world Pink Floyd crafted so masterfully. This isn't merely an addition to your collection; it's the cornerstone of any discerning audiophile's treasury.", "price": "50.00", "category": 3, "band": 5, "image": "item_images/The_Dark_Side_of_the_Moon_PinkFloyd.png", "is_featured": false}}, {"model": "catalog.item", "pk": 6, "fields": {"name": "'Nevermind' vinyl record", "description": "Plunge into the gritty depths of grunge with Nirvana's groundbreaking album 'Nevermind', immortalized on vinyl. This isn't just a record; it's the emblem of a cultural revolution, emblazoned with the album art that shook the foundations of music. The arresting image of a baby swimming towards a dollar bill perfectly encapsulates the band's searing critique of society.\r\n\r\nEvery track on this record, from the anthemic \"Smells Like Teen Spirit\" to the haunting \"Come As You Are,\" delivers a raw, unfiltered experience of Nirvana's explosive energy. The vinyl format enriches the sound, adding warmth and depth to every chord and cry, resonating with the spirit of rebellion.\r\n\r\nKey Features:\r\n\r\nPristine pressing of Nirvana's genre-defining album 'Nevermind'.\r\nIconic cover art, capturing the band's anti-establishment ethos.\r\nHigh-fidelity analog sound, delivering the visceral punch of Nirvana's music.\r\nFull-bodied analog remastering for an authentic listening experience.\r\nDrop the needle on this vinyl and be transported back to the early '90s, to the zenith of the grunge movement. It's an essential piece for any vinyl enthusiast or Nirvana fan, offering not just a collection of songs, but a piece of music history that continues to resonate with listeners new and old.\r\n\r\n'Nevermind' is more than an album; it's a manifesto, an artifact, and a milestone in music history that remains as relevant and revolutionary as the day it was released.", "price": "50.00", "category": 3, "band": 6, "image": "item_images/Nevermind_Nirvana.png", "is_featured": true}}, {"model": "catalog.item", "pk": 7, "fields": {"name": "'Back in Black' vinyl record", "description": "Step into the heart of rock's electrifying history with AC/DC's monumental \"Back in Black\" vinyl record. This isn't just a recordùit's an iconic relic, a tribute to the undying spirit of rock. The album's pitch-black cover with the AC/DC logo shining like a beacon sets the stage for the aural odyssey within.\r\n\r\nCrowned as one of the best-selling albums of all time, \"Back in Black\" is a masterclass in pure, unadulterated rock 'n' roll. From the opening chimes of \"Hells Bells\" to the relentless riffs of \"You Shook Me All Night Long,\" this record is a powerhouse of anthems that defined a generation.\r\n\r\nKey Features:\r\n\r\nThe legendary album that introduced Brian JohnsonÆs seismic vocals to the world.\r\nPristine vinyl pressing that promises the rich, full-bodied sound quality true to the original 1980 release.\r\nTimeless cover art that speaks volumes in its understated, bold design.\r\nGatefold sleeve with the AC/DC logo in high-gloss finish, emanating the bandÆs larger-than-life presence.\r\nAs you lower the needle onto this black vinyl, expect to be struck by a thunderbolt of pure energy. Every track is an homage to AC/DC's tenacity, resilience, and mastery of rock music. \"Back in Black\" is not merely an album to be played; it's an album to be experienced, a cornerstone for any vinyl enthusiast, and an enduring legacy that continues to resonate.\r\n\r\nEmbrace the spirit of AC/DC, an album dedicated to their former lead singer, Bon Scott, and a record that never fades into silence. With \"Back in Black,\" the spirit of rock will reverberate through the walls of your home and the hallways of history forever.", "price": "50.00", "category": 3, "band": 7, "image": "item_images/Back_in_Black_ACDC.png", "is_featured": false}}, {"model": "catalog.item", "pk": 8, "fields": {"name": "'The Doors' vinyl record", "description": "Step into a realm where poetry meets rock, and the organ keys cast haunting spells with \"The Doors\" vinyl record. This eponymous debut album is a portal to the late 60s, where Jim Morrison's brooding lyrics and the band's psychedelic soundscapes changed the course of rock music forever.\r\n\r\n\"The Doors\" vinyl invites you to relive the album that brought us \"Light My Fire,\" \"Break on Through (To the Other Side),\" and \"The End.\" It's a piece that is as enigmatic as the band's frontman, offering a raw and unfiltered plunge into the depths of the human psyche.\r\n\r\nKey Features:\r\n\r\nThe groundbreaking debut album from The Doors on high-quality vinyl.\r\nA cover that has become as iconic as the band itself, featuring the moody, introspective gazes of the members.\r\nThe record retains the rich, warm audio that only vinyl can provide, enveloping you in the Doors' immersive sonic world.\r\nA tangible slice of rock history, offering not just music but an experience that defies time and genre.\r\nThis record doesn't just play tracks; it ignites a journey through the doors of perception. From Morrison's evocative baritone to Ray Manzarek's innovative keyboard work, this album is an enduring classic that commands a special place in any music lover's collection.\r\n\r\nCue the record, and with each revolution, you'll be transported back to an era where rock was not only heard but felt. Each note, each verse, becomes a thread in the tapestry of rock 'n' roll mythology, woven by one of the most legendary bands of all time.", "price": "50.00", "category": 3, "band": 8, "image": "item_images/The_Doors_TheDoors.png", "is_featured": false}}, {"model": "catalog.item", "pk": 9, "fields": {"name": "'Appetite for Destruction' CD record", "description": "Ignite your senses with Guns N' Roses' debut studio tour de force, \"Appetite for Destruction,\" now spinning on CD. This isn't just musicùit's an adrenaline rush, a riot of sounds that changed the rock landscape with its release.\r\n\r\n\"Appetite for Destruction\" is more than an album; it's a manifesto of raw power, wild spirit, and fiery passion that catapulted Guns N' Roses to the pantheon of rock legends. The cover design, with its intricate revolver and roses, signifies the album's explosive contentùa fusion of hard-hitting riffs and Axl Rose's iconic wail.\r\n\r\nKey Features:\r\n\r\nCrystal-clear digital sound quality capturing every gritty nuance.\r\nIconic artwork that embodies the albumÆs relentless energy.\r\nA tracklist of anthems including \"Welcome to the Jungle,\" \"Sweet Child o' Mine,\" and \"Paradise City.\"\r\nRobust packaging that enshrines one of the most influential albums in rock history.\r\nSlide this CD into your player, and let the opening riff of \"Welcome to the Jungle\" set the tone for an auditory experience thatÆs as intoxicating today as it was at its release. Every song is a story, every chord a memory etched into the very soul of rock.\r\n\r\nWhether it's your first listen or your hundredth, \"Appetite for Destruction\" remains a relentless force, an album that redefined a genre and continues to inspire with its indomitable energy and attitude. ItÆs not just an album you listen to; it's an album you experienceùa relentless ride through the golden age of hard rock.", "price": "25.00", "category": 4, "band": 9, "image": "item_images/Appetite_for_Destruction_GunsNRoses.png", "is_featured": true}}, {"model": "catalog.item", "pk": 10, "fields": {"name": "Led Zeppelin hoodie", "description": "Wrap yourself in the legacy of rock royalty with this Led Zeppelin hoodie, a garment that carries the weight of musical greatness. Emblazoned on the front is the iconic Led Zeppelin logo, a symbol that has come to represent the pinnacle of rock artistry and the timeless essence of their music.\r\n\r\nThis hoodie is a tribute to the band's profound impact on the music world, featuring their classic insignia and the legendary Icarus figure. The high-quality print rests on soft, durable fabric, ensuring that it stands the test of time much like the band's storied discography.\r\n\r\nKey Features:\r\n\r\nComfortable and warm material, perfect for chilly evenings or casual outings.\r\nA striking Led Zeppelin emblem that proudly displays your excellent taste in music.\r\nDrawstring hood and spacious front pocket for functionality and style.\r\nRibbed cuffs and hem to retain shape and offer a snug fit.\r\nDonning this hoodie is like playing a Led Zeppelin record: it envelops you, transporting you to the era of groundbreaking soundscapes and epic performances. Whether you're a lifelong fan or discovering the magic of Led Zeppelin for the first time, this hoodie is an essential addition to your wardrobe.\r\n\r\nWith every wear, let the spirit of Led Zeppelin's \"Stairway to Heaven\" echo, and the energy of \"Whole Lotta Love\" course through your veins. This isn't just merchandise; it's a wearable homage to a band that soared high and continues to inspire generations with their extraordinary fusion of blues and rock.", "price": "45.00", "category": 6, "band": 10, "image": "item_images/Led_Zeppelin_Hoodie.png", "is_featured": true}}, {"model": "catalog.item", "pk": 11, "fields": {"name": "U2 hoodie", "description": "Embrace the essence of rock legacy with this sleek U2 Hoodie. Crafted for the ultimate fan, it stands as a symbol of your undying passion for one of the most iconic bands in music history. The hoodie features a bold U2 logo, reminiscent of their timeless albums and unforgettable live performances.\r\n\r\nWith a comfortable fit and soft inner lining, this hoodie is not just about style but also about comfort, perfect for those chilly evenings or simply for making a statement at a concert or casual outing. The minimalist design ensures it pairs effortlessly with any outfit, while the heavyweight fabric promises durability and warmth. Whether you're exploring the streets or heading out to meet fellow fans, this U2 Hoodie is your go-to garment for showcasing your admiration for the legends of rock.\r\n\r\nKey Features:\r\n\r\nDurable heavyweight material for ultimate warmth.\r\nIconic U2 logo printed in high-quality ink that withstands the test of time and machine washes.\r\nAdjustable drawstring hood and spacious front pocket for practicality and ease.\r\nRibbed cuffs and hem for a snug fit that keeps the cold out.\r\nSoft, brushed interior for that cozy, comfortable embrace.", "price": "45.00", "category": 6, "band": 11, "image": "item_images/U2_Hoodie.png", "is_featured": false}}, {"model": "catalog.item", "pk": 12, "fields": {"name": "Black Sabbath hoodie", "description": "Embrace the darkness and celebrate the legacy of metal pioneers with this Black Sabbath hoodie. Adorned with the emblematic logo that has become synonymous with the genre's formative years, this garment is not just apparel, it's a piece of music history. Crafted with the finest materials to withstand the headbanging intensity of a Sabbath concert, this hoodie exudes the band's raw, unapologetic spirit.\r\n\r\nThe front of the hoodie carries the stark, bold lettering of Black Sabbath, a tribute to the band that dared to walk the shadowy paths of heavy metal. Below, the mystical star symbol serves as a testament to their occult and philosophical explorations through music. With a plush interior to keep you warm and a sturdy exterior that whispers tales of \"Paranoid\" nights and \"War Pigs\" days, this hoodie is built for the true aficionado.\r\n\r\nWith its spacious hood and deep pockets, it's designed not just for aesthetics but for utility and comfort. Whether you're roaming the misty midnights of a \"N.I.B\" intro or simply seeking solace in the melancholic melody of \"Solitude,\" this Black Sabbath hoodie is your ally. It's more than merch; it's an armor of identity for those who live by the riffs and the records that revolutionized rock. Wear it and carry the banner of metal's forefathers, Black Sabbath.", "price": "45.00", "category": 6, "band": 12, "image": "item_images/Black_Sabbath_hoodie.png", "is_featured": false}}, {"model": "catalog.item", "pk": 13, "fields": {"name": "Iron Maiden hoodie", "description": "Embrace the legacy of metal gods with this electrifying Iron Maiden hoodie, featuring the band's infamous mascot, Eddie, in a graphic that screams heavy metal majesty. The vibrant colors and nightmarish fantasy landscape encapsulate Iron Maiden's essence, from their intense riffs to their pulse-pounding beats. Wrapped in the fierce energy of Eddie commanding the undead, this hoodie isn't just a piece of clothing; it's wearable art for the die-hard fan. With a comfortable fit perfect for headbanging at concerts or casual wear, this hoodie is a tribute to the band's indelible mark on music history.", "price": "45.00", "category": 6, "band": 13, "image": "item_images/Iron_Maiden_hoodie.png", "is_featured": false}}, {"model": "catalog.item", "pk": 14, "fields": {"name": "Foo Fighters hoodie", "description": "Channel the spirit of rock rebellion with this sleek Foo Fighters hoodie. Adorned with the iconic FF logo, it's a subtle yet bold statement of allegiance to the relentless energy and anthemic sound of one of rock's most enduring bands. The hoodie's understated elegance pairs with an edgy aesthetic, making it the perfect addition to any fan's wardrobe. Crafted for comfort and designed for the devoted, this piece lets you carry the Foo Fighters' torch wherever you goùbe it a laid-back jam session or the front row of their next epic concert.", "price": "45.00", "category": 6, "band": 14, "image": "item_images/Foo_Fighters_hoodie.png", "is_featured": false}}, {"model": "catalog.item", "pk": 15, "fields": {"name": "'OK Computer' vinyl record", "description": "\"OK Computer\" by Radiohead is not just an album, it's a pivotal moment in music history captured on vinyl. This record is an auditory odyssey that blends existential angst with technological weariness, encased in experimental sounds that defined a generation. It's an essential piece for collectors and audiophiles, with its cover art as thought-provoking as the tracks etched into the vinyl. A masterclass in innovation from Radiohead, it's a must-have that commands a prime spot in any serious record collection. Spin this disc to traverse a soundscape that's as relevant today as it was at its inceptionùa true modern classic.", "price": "50.00", "category": 3, "band": 15, "image": "item_images/OK_Computer_Radiohead.png", "is_featured": false}}, {"model": "catalog.item", "pk": 16, "fields": {"name": "'Wish You Were Here' vinyl record", "description": "The \"Wish You Were Here\" vinyl is not just a record; it's Pink Floyd's timeless tribute to absence and presence, love lost and existential yearning. The album art, depicting a man ablaze mid-handshake, is as iconic as the haunting melodies within, symbolizing the band's critique of the music industry and the detachment within it. The record's grooves carry the weight of introspection and the ache of nostalgia, especially in the title track, a poignant ode that resonates with anyone who's ever missed someone deeply. Place this disc on your turntable and let the atmospheric synths and Gilmour's soul-stirring guitar solos envelop you in a sonic embrace that feels like a bridge across time, beckoning for a connection that is so palpable, it's almost as if you could reach out and touch it.", "price": "50.00", "category": 3, "band": 5, "image": "item_images/Wish_You_Were_Here_PinkFloyd.png", "is_featured": false}}, {"model": "catalog.item", "pk": 17, "fields": {"name": "Queen-Freddie Mercury tee", "description": "Step into a realm of rock royalty with this striking Queen T-shirt, featuring the legendary Freddie Mercury. With wings unfurled and gaze piercing, this shirt encapsulates the spirit and showmanship of the man who made anthems out of songs and stages out of stadiums. Clad in this, you don't just wear a piece of music memorabilia; you carry the legacy of a band that defied genres and generations. The bold Queen logo crowns the design, a mark as timeless as the rhapsodies and rebellions they've soundtracked. This isn't just a T-shirt; it's an homage to the voice that continues to resonate through the hearts of millions, the icon who knew that to truly captivate, one must always dare to dazzle.", "price": "30.00", "category": 1, "band": 16, "image": "item_images/Queen-FreddieMercury_T-shirt.png", "is_featured": false}}, {"model": "catalog.item", "pk": 18, "fields": {"name": "Linkin Park-Chester B. tee", "description": "Channel the raw emotion and electrifying energy that Linkin Park brings to the stage with this powerful T-shirt tribute to Chester Bennington. The tee captures Chester's intense stage presence that has gripped hearts and echoed through arenas worldwide. Wearing this, you're not just a fan, you're a carrier of the band's torch; a symbol of resilience and the enduring power of their music. The sharp, contrasting Linkin Park logo emphasizes their innovative blend of rock and nu-metal that reshaped musical boundaries. This shirt is more than just apparel; it's a canvas of remembrance, a silent nod to the voice that taught us to scream out, heal, and feel through the universal language of music.", "price": "25.00", "category": 1, "band": 17, "image": "item_images/Linkin_Park-Chester_tee.png", "is_featured": false}}, {"model": "catalog.item", "pk": 19, "fields": {"name": "Green Day tee", "description": "This vibrant Green Day T-shirt bursts with the anarchic spirit of punk rock. It's not just a piece of clothing, it's a statement. The explosive color palette captures the essence of the band's energy, a perfect match for their explosive sound and rebellious lyrics. Emblazoned with the iconic band logo, it's a wearable emblem of your taste for the counterculture and anthems that have defined a generation. Pull this tee on and carry the legacy of Green Day's punk rock saga with every wear.", "price": "20.00", "category": 1, "band": 18, "image": "item_images/Green_Day_tee.png", "is_featured": false}}, {"model": "catalog.item", "pk": 20, "fields": {"name": "Judas Priest jacket", "description": "This Judas Priest leather jacket is the epitome of heavy metal style. With the band's formidable logo towering across the shoulders and the commanding artwork of their album covers, this jacket screams with the legacy of metal gods. The intricate patches and studs aren't just decorative; they're badges of honor for fans who live and breathe the music. Every seam, zipper, and rivet echoes the meticulous craftsmanship of a Judas Priest riff. It's more than apparel; it's a wearable shrine to the masters of metal, a perfect piece for anyone ready to embrace the raw, thunderous anthems of Judas Priest.", "price": "60.00", "category": 2, "band": 19, "image": "item_images/Judas_Priest_jacket.png", "is_featured": false}}, {"model": "catalog.item", "pk": 21, "fields": {"name": "Ramones jacket", "description": "Channel the quintessential punk rock spirit with this vintage Ramones denim jacket. It's a tangible echo of the 70s New York punk scene, featuring the iconic Ramones presidential seal. The distressed denim and fray details scream rebellion, while the array of patches, including the band's emblematic logo, turn it into a wearable piece of rock history. Whether you're heading to a concert or just cruising the city streets, this jacket ensures your allegiance to the punk gods is on full display.", "price": "60.00", "category": 2, "band": 20, "image": "item_images/Ramones_jacket.png", "is_featured": false}}, {"model": "catalog.item", "pk": 22, "fields": {"name": "RHCP jacket", "description": "Make a bold statement with this electrifying Red Hot Chili Peppers bomber jacket. Adorned with the band's emblematic asterisk, set against a vibrant red backdrop and surrounded by ornate illustrations, it's an audacious piece that captures the essence of RHCP's dynamic energy. This jacket is a true tribute to their California roots and funk-punk legacy, boasting intricate designs that highlight their discography and musical journey. Slip it on and carry the essence of the Peppers' fiery performances and innovative music wherever you go.", "price": "60.00", "category": 2, "band": 21, "image": "item_images/RHCP_jacket.png", "is_featured": false}}, {"model": "catalog.item", "pk": 23, "fields": {"name": "'Black Holes and Revelations' CD record", "description": "Embrace the symphony of the cosmos with Muse's \"Black Holes and Revelations,\" a CD that not only embodies the grandeur of space but also captures the essence of human emotion and political strife. Every track is an odyssey, weaving through the expanse of progressive rock with electrifying riffs, theatrical harmonies, and lyrical depth that will take you on an unparalleled auditory journey. From the rebel yells of \"Take a Bow\" to the interstellar love story of \"Starlight,\" this CD is a profound statement on the tumultuous nature of our times, encased in a stellar soundscape that's as boundless as it is breathtaking.", "price": "25.00", "category": 4, "band": 22, "image": "item_images/Black_Holes_and_Revelations_Muse.png", "is_featured": false}}, {"model": "catalog.item", "pk": 24, "fields": {"name": "'Hotel California' CD record", "description": "Soak in the timeless allure of the Eagles' \"Hotel California,\" an album that stands as a beacon of classic rock. This CD invites you to check into the realms of rich storytelling and masterful musicianship. Its title track, a hauntingly beautiful ballad, sets the tone for an album that explores the highs and lows of the hedonistic 70s California lifestyle. With its unforgettable guitar solos and deep, evocative lyrics, each song paints a picture that is as vibrant now as it was at the height of vinyl. Spin this disc and let the Eagles transport you to a place where the warm smell of colitas rises up through the air, and the sounds of guitar can be heard long into the night.", "price": "25.00", "category": 4, "band": 23, "image": "item_images/Hotel_California_Eagles.png", "is_featured": false}}, {"model": "catalog.searchhistory", "pk": 1, "fields": {"user": 2, "query": "Metallica", "timestamp": "2024-04-07T20:25:39.831Z"}}, {"model": "catalog.searchhistory", "pk": 2, "fields": {"user": 2, "query": "Metallica", "timestamp": "2024-04-07T20:29:08.373Z"}}, {"model": "catalog.searchhistory", "pk": 3, "fields": {"user": 2, "query": "Metallica", "timestamp": "2024-04-07T20:29:12.217Z"}}, {"model": "catalog.searchhistory", "pk": 4, "fields": {"user": 2, "query": "jacket", "timestamp": "2024-04-07T20:32:14.504Z"}}, {"model": "catalog.searchhistory", "pk": 5, "fields": {"user": 2, "query": "jacket", "timestamp": "2024-04-08T10:09:41.472Z"}}, {"model": "catalog.searchhistory", "pk": 6, "fields": {"user": 2, "query": "jacket", "timestamp": "2024-04-08T15:09:15.213Z"}}, {"model": "catalog.searchhistory", "pk": 7, "fields": {"user": 2, "query": "Metallica", "timestamp": "2024-04-08T15:10:09.546Z"}}, {"model": "catalog.searchhistory", "pk": 8, "fields": {"user": 2, "query": "Metallica", "timestamp": "2024-04-08T15:36:43.285Z"}}, {"model": "catalog.searchhistory", "pk": 9, "fields": {"user": 2, "query": "Metallica", "timestamp": "2024-04-08T15:37:40.886Z"}}, {"model": "catalog.searchhistory", "pk": 10, "fields": {"user": 6, "query": "green", "timestamp": "2024-04-09T11:22:26.372Z"}}, {"model": "catalog.rating", "pk": 1, "fields": {"item": 3, "user": 2, "score": 5, "timestamp": "2024-04-08T11:09:29.543Z"}}, {"model": "catalog.rating", "pk": 2, "fields": {"item": 2, "user": 2, "score": 5, "timestamp": "2024-04-08T11:14:56.798Z"}}, {"model": "catalog.rating", "pk": 3, "fields": {"item": 6, "user": 2, "score": 5, "timestamp": "2024-04-08T12:09:16.245Z"}}, {"model": "catalog.rating", "pk": 4, "fields": {"item": 19, "user": 6, "score": 4, "timestamp": "2024-04-09T11:22:04.298Z"}}, {"model": "catalog.rating", "pk": 5, "fields": {"item": 1, "user": 2, "score": 4, "timestamp": "2024-04-10T17:56:23.456Z"}}, {"model": "admin.logentry", "pk": 1, "fields": {"action_time": "2024-04-03T10:23:47.276Z", "user": 1, "content_type": 2, "object_id": "1", "object_repr": "T-Shirts", "action_flag": 1, "change_message": "[{\"added\": {}}]"}}, {"model": "admin.logentry", "pk": 2, "fields": {"action_time": "2024-04-03T10:24:28.160Z", "user": 1, "content_type": 1, "object_id": "1", "object_repr": "The Beatles", "action_flag": 1, "change_message": "[{\"added\": {}}]"}}, {"model": "admin.logentry", "pk": 3, "fields": {"action_time": "2024-04-03T10:24:40.762Z", "user": 1, "content_type": 3, "object_id": "1", "object_repr": "The Beatles T-Shirt", "action_flag": 1, "change_message": "[{\"added\": {}}]"}}, {"model": "admin.logentry", "pk": 4, "fields": {"action_time": "2024-04-03T10:25:10.261Z", "user": 1, "content_type": 3, "object_id": "1", "object_repr": "The Beatles T-Shirt", "action_flag": 2, "change_message": "[]"}}, {"model": "admin.logentry", "pk": 5, "fields": {"action_time": "2024-04-03T10:40:14.294Z", "user": 1, "content_type": 3, "object_id": "1", "object_repr": "The Beatles T-Shirt", "action_flag": 2, "change_message": "[]"}}, {"model": "admin.logentry", "pk": 6, "fields": {"action_time": "2024-04-03T10:46:44.929Z", "user": 1, "content_type": 2, "object_id": "1", "object_repr": "Tees", "action_flag": 2, "change_message": "[{\"changed\": {\"fields\": [\"Name\"]}}]"}}, {"model": "admin.logentry", "pk": 7, "fields": {"action_time": "2024-04-03T10:47:44.859Z", "user": 1, "content_type": 1, "object_id": "2", "object_repr": "The Rolling Stones", "action_flag": 1, "change_message": "[{\"added\": {}}]"}}, {"model": "admin.logentry", "pk": 8, "fields": {"action_time": "2024-04-03T10:48:04.780Z", "user": 1, "content_type": 3, "object_id": "2", "object_repr": "The Stones Tongue logo Tee", "action_flag": 1, "change_message": "[{\"added\": {}}]"}}, {"model": "admin.logentry", "pk": 9, "fields": {"action_time": "2024-04-03T10:51:40.766Z", "user": 1, "content_type": 3, "object_id": "1", "object_repr": "The Beatles T-Shirt", "action_flag": 2, "change_message": "[{\"changed\": {\"fields\": [\"Description\"]}}]"}}, {"model": "admin.logentry", "pk": 10, "fields": {"action_time": "2024-04-03T10:57:56.683Z", "user": 1, "content_type": 2, "object_id": "2", "object_repr": "Jackets", "action_flag": 1, "change_message": "[{\"added\": {}}]"}}, {"model": "admin.logentry", "pk": 11, "fields": {"action_time": "2024-04-03T10:58:08.399Z", "user": 1, "content_type": 1, "object_id": "3", "object_repr": "Metallica", "action_flag": 1, "change_message": "[{\"added\": {}}]"}}, {"model": "admin.logentry", "pk": 12, "fields": {"action_time": "2024-04-03T10:58:29.945Z", "user": 1, "content_type": 3, "object_id": "3", "object_repr": "Metallica Leather Jacket", "action_flag": 1, "change_message": "[{\"added\": {}}]"}}, {"model": "admin.logentry", "pk": 13, "fields": {"action_time": "2024-04-03T11:00:21.885Z", "user": 1, "content_type": 3, "object_id": "3", "object_repr": "Metallica Leather Jacket", "action_flag": 2, "change_message": "[]"}}, {"model": "admin.logentry", "pk": 14, "fields": {"action_time": "2024-04-03T12:31:12.252Z", "user": 1, "content_type": 2, "object_id": "3", "object_repr": "Vinyl Records", "action_flag": 1, "change_message": "[{\"added\": {}}]"}}, {"model": "admin.logentry", "pk": 15, "fields": {"action_time": "2024-04-03T12:31:31.414Z", "user": 1, "content_type": 2, "object_id": "4", "object_repr": "CDs", "action_flag": 1, "change_message": "[{\"added\": {}}]"}}, {"model": "admin.logentry", "pk": 16, "fields": {"action_time": "2024-04-03T14:20:41.876Z", "user": 1, "content_type": 2, "object_id": "5", "object_repr": "Rock, Hard Rock", "action_flag": 1, "change_message": "[{\"added\": {}}]"}}, {"model": "admin.logentry", "pk": 17, "fields": {"action_time": "2024-04-03T14:21:04.645Z", "user": 1, "content_type": 1, "object_id": "4", "object_repr": "Scorpions", "action_flag": 1, "change_message": "[{\"added\": {}}]"}}, {"model": "admin.logentry", "pk": 18, "fields": {"action_time": "2024-04-03T14:24:10.168Z", "user": 1, "content_type": 3, "object_id": "4", "object_repr": "Scorpions Jacket", "action_flag": 1, "change_message": "[{\"added\": {}}]"}}, {"model": "admin.logentry", "pk": 19, "fields": {"action_time": "2024-04-03T15:12:15.726Z", "user": 1, "content_type": 1, "object_id": "5", "object_repr": "Pink Floyd", "action_flag": 1, "change_message": "[{\"added\": {}}]"}}, {"model": "admin.logentry", "pk": 20, "fields": {"action_time": "2024-04-03T15:12:27.275Z", "user": 1, "content_type": 3, "object_id": "5", "object_repr": "'The Dark Side of the Moon' vinyl record", "action_flag": 1, "change_message": "[{\"added\": {}}]"}}, {"model": "admin.logentry", "pk": 21, "fields": {"action_time": "2024-04-04T11:29:46.382Z", "user": 1, "content_type": 2, "object_id": "5", "object_repr": "Rock, Hard Rock", "action_flag": 3, "change_message": ""}}, {"model": "admin.logentry", "pk": 22, "fields": {"action_time": "2024-04-04T11:53:59.602Z", "user": 1, "content_type": 1, "object_id": "6", "object_repr": "Nirvana", "action_flag": 1, "change_message": "[{\"added\": {}}]"}}, {"model": "admin.logentry", "pk": 23, "fields": {"action_time": "2024-04-04T11:54:15.284Z", "user": 1, "content_type": 3, "object_id": "6", "object_repr": "'Nevermind' vinyl record", "action_flag": 1, "change_message": "[{\"added\": {}}]"}}, {"model": "admin.logentry", "pk": 24, "fields": {"action_time": "2024-04-04T12:02:20.520Z", "user": 1, "content_type": 1, "object_id": "7", "object_repr": "AC/DC", "action_flag": 1, "change_message": "[{\"added\": {}}]"}}, {"model": "admin.logentry", "pk": 25, "fields": {"action_time": "2024-04-04T12:02:28.804Z", "user": 1, "content_type": 3, "object_id": "7", "object_repr": "'Back in Black' vinyl record", "action_flag": 1, "change_message": "[{\"added\": {}}]"}}, {"model": "admin.logentry", "pk": 26, "fields": {"action_time": "2024-04-04T12:06:05.780Z", "user": 1, "content_type": 1, "object_id": "8", "object_repr": "The Doors", "action_flag": 1, "change_message": "[{\"added\": {}}]"}}, {"model": "admin.logentry", "pk": 27, "fields": {"action_time": "2024-04-04T16:29:00.497Z", "user": 1, "content_type": 3, "object_id": "8", "object_repr": "'The Doors' vinyl record", "action_flag": 1, "change_message": "[{\"added\": {}}]"}}, {"model": "admin.logentry", "pk": 28, "fields": {"action_time": "2024-04-04T16:43:03.757Z", "user": 1, "content_type": 1, "object_id": "9", "object_repr": "Guns N' Roses", "action_flag": 1, "change_message": "[{\"added\": {}}]"}}, {"model": "admin.logentry", "pk": 29, "fields": {"action_time": "2024-04-04T16:43:29.106Z", "user": 1, "content_type": 3, "object_id": "9", "object_repr": "'Appetite for Destruction' CD record", "action_flag": 1, "change_message": "[{\"added\": {}}]"}}, {"model": "admin.logentry", "pk": 30, "fields": {"action_time": "2024-04-04T16:46:12.718Z", "user": 1, "content_type": 2, "object_id": "6", "object_repr": "Hoodies", "action_flag": 1, "change_message": "[{\"added\": {}}]"}}, {"model": "admin.logentry", "pk": 31, "fields": {"action_time": "2024-04-04T16:55:24.517Z", "user": 1, "content_type": 1, "object_id": "10", "object_repr": "Led Zeppelin", "action_flag": 1, "change_message": "[{\"added\": {}}]"}}, {"model": "admin.logentry", "pk": 32, "fields": {"action_time": "2024-04-04T16:56:01.560Z", "user": 1, "content_type": 3, "object_id": "10", "object_repr": "Led Zeppelin hoodie", "action_flag": 1, "change_message": "[{\"added\": {}}]"}}, {"model": "admin.logentry", "pk": 33, "fields": {"action_time": "2024-04-07T18:58:40.258Z", "user": 1, "content_type": 7, "object_id": "6", "object_repr": "Mr.Mister", "action_flag": 1, "change_message": "[{\"added\": {}}]"}}, {"model": "admin.logentry", "pk": 34, "fields": {"action_time": "2024-04-07T19:00:11.773Z", "user": 1, "content_type": 6, "object_id": "1", "object_repr": "Admins", "action_flag": 1, "change_message": "[{\"added\": {}}]"}}, {"model": "admin.logentry", "pk": 35, "fields": {"action_time": "2024-04-07T19:00:58.606Z", "user": 1, "content_type": 7, "object_id": "6", "object_repr": "Mr.Mister", "action_flag": 2, "change_message": "[{\"changed\": {\"fields\": [\"First name\", \"Last name\", \"Email address\", \"Staff status\", \"Superuser status\", \"Groups\", \"User permissions\"]}}]"}}, {"model": "admin.logentry", "pk": 36, "fields": {"action_time": "2024-04-07T19:02:40.597Z", "user": 1, "content_type": 6, "object_id": "2", "object_repr": "Users", "action_flag": 1, "change_message": "[{\"added\": {}}]"}}, {"model": "admin.logentry", "pk": 37, "fields": {"action_time": "2024-04-07T19:03:10.823Z", "user": 1, "content_type": 7, "object_id": "2", "object_repr": "User1", "action_flag": 2, "change_message": "[{\"changed\": {\"fields\": [\"Groups\"]}}]"}}, {"model": "admin.logentry", "pk": 38, "fields": {"action_time": "2024-04-07T19:03:28.389Z", "user": 1, "content_type": 7, "object_id": "3", "object_repr": "User2", "action_flag": 2, "change_message": "[{\"changed\": {\"fields\": [\"Groups\"]}}]"}}, {"model": "admin.logentry", "pk": 39, "fields": {"action_time": "2024-04-07T19:03:34.518Z", "user": 1, "content_type": 7, "object_id": "4", "object_repr": "User3", "action_flag": 2, "change_message": "[{\"changed\": {\"fields\": [\"Groups\"]}}]"}}, {"model": "admin.logentry", "pk": 40, "fields": {"action_time": "2024-04-07T19:04:00.247Z", "user": 1, "content_type": 7, "object_id": "5", "object_repr": "User4", "action_flag": 2, "change_message": "[{\"changed\": {\"fields\": [\"Groups\"]}}]"}}, {"model": "admin.logentry", "pk": 41, "fields": {"action_time": "2024-04-09T09:10:02.155Z", "user": 1, "content_type": 7, "object_id": "6", "object_repr": "Mr.Mister", "action_flag": 2, "change_message": "[{\"changed\": {\"fields\": [\"password\"]}}]"}}, {"model": "admin.logentry", "pk": 42, "fields": {"action_time": "2024-04-09T09:10:16.333Z", "user": 1, "content_type": 7, "object_id": "6", "object_repr": "Mr.Mister", "action_flag": 2, "change_message": "[{\"changed\": {\"fields\": [\"User permissions\"]}}]"}}, {"model": "admin.logentry", "pk": 43, "fields": {"action_time": "2024-04-09T09:12:05.322Z", "user": 6, "content_type": 3, "object_id": "1", "object_repr": "The Beatles T-Shirt", "action_flag": 2, "change_message": "[{\"changed\": {\"fields\": [\"Is featured\"]}}]"}}, {"model": "admin.logentry", "pk": 44, "fields": {"action_time": "2024-04-09T09:12:18.333Z", "user": 6, "content_type": 3, "object_id": "6", "object_repr": "'Nevermind' vinyl record", "action_flag": 2, "change_message": "[{\"changed\": {\"fields\": [\"Is featured\"]}}]"}}, {"model": "admin.logentry", "pk": 45, "fields": {"action_time": "2024-04-09T09:12:29.519Z", "user": 6, "content_type": 3, "object_id": "9", "object_repr": "'Appetite for Destruction' CD record", "action_flag": 2, "change_message": "[{\"changed\": {\"fields\": [\"Is featured\"]}}]"}}, {"model": "admin.logentry", "pk": 46, "fields": {"action_time": "2024-04-09T09:12:35.036Z", "user": 6, "content_type": 3, "object_id": "10", "object_repr": "Led Zeppelin hoodie", "action_flag": 2, "change_message": "[{\"changed\": {\"fields\": [\"Is featured\"]}}]"}}, {"model": "admin.logentry", "pk": 47, "fields": {"action_time": "2024-04-09T09:20:51.368Z", "user": 6, "content_type": 1, "object_id": "11", "object_repr": "U2", "action_flag": 1, "change_message": "[{\"added\": {}}]"}}, {"model": "admin.logentry", "pk": 48, "fields": {"action_time": "2024-04-09T09:28:49.484Z", "user": 6, "content_type": 3, "object_id": "11", "object_repr": "U2 hoodie", "action_flag": 1, "change_message": "[{\"added\": {}}]"}}, {"model": "admin.logentry", "pk": 49, "fields": {"action_time": "2024-04-09T09:38:50.289Z", "user": 6, "content_type": 1, "object_id": "12", "object_repr": "Black Sabbath", "action_flag": 1, "change_message": "[{\"added\": {}}]"}}, {"model": "admin.logentry", "pk": 50, "fields": {"action_time": "2024-04-09T09:38:57.107Z", "user": 6, "content_type": 3, "object_id": "12", "object_repr": "Black Sabbath hoodie", "action_flag": 1, "change_message": "[{\"added\": {}}]"}}, {"model": "admin.logentry", "pk": 51, "fields": {"action_time": "2024-04-09T09:49:54.348Z", "user": 6, "content_type": 1, "object_id": "13", "object_repr": "Iron Maiden", "action_flag": 1, "change_message": "[{\"added\": {}}]"}}, {"model": "admin.logentry", "pk": 52, "fields": {"action_time": "2024-04-09T09:50:08.146Z", "user": 6, "content_type": 3, "object_id": "13", "object_repr": "Iron Maiden hoodie", "action_flag": 1, "change_message": "[{\"added\": {}}]"}}, {"model": "admin.logentry", "pk": 53, "fields": {"action_time": "2024-04-09T09:56:39.677Z", "user": 6, "content_type": 1, "object_id": "14", "object_repr": "Foo Fighters", "action_flag": 1, "change_message": "[{\"added\": {}}]"}}, {"model": "admin.logentry", "pk": 54, "fields": {"action_time": "2024-04-09T09:58:17.672Z", "user": 6, "content_type": 3, "object_id": "14", "object_repr": "Foo Fighters hoodie", "action_flag": 1, "change_message": "[{\"added\": {}}]"}}, {"model": "admin.logentry", "pk": 55, "fields": {"action_time": "2024-04-09T10:01:36.140Z", "user": 6, "content_type": 1, "object_id": "15", "object_repr": "Radiohead", "action_flag": 1, "change_message": "[{\"added\": {}}]"}}, {"model": "admin.logentry", "pk": 56, "fields": {"action_time": "2024-04-09T10:07:01.276Z", "user": 6, "content_type": 3, "object_id": "15", "object_repr": "'OK Computer' vinyl record", "action_flag": 1, "change_message": "[{\"added\": {}}]"}}, {"model": "admin.logentry", "pk": 57, "fields": {"action_time": "2024-04-09T10:14:53.262Z", "user": 6, "content_type": 1, "object_id": "5", "object_repr": "Pink Floyd", "action_flag": 2, "change_message": "[]"}}, {"model": "admin.logentry", "pk": 58, "fields": {"action_time": "2024-04-09T10:15:58.737Z", "user": 6, "content_type": 3, "object_id": "16", "object_repr": "'Wish You Were Here' vinyl record", "action_flag": 1, "change_message": "[{\"added\": {}}]"}}, {"model": "admin.logentry", "pk": 59, "fields": {"action_time": "2024-04-09T11:01:50.234Z", "user": 6, "content_type": 1, "object_id": "16", "object_repr": "Q", "action_flag": 1, "change_message": "[{\"added\": {}}]"}}, {"model": "admin.logentry", "pk": 60, "fields": {"action_time": "2024-04-09T11:01:56.885Z", "user": 6, "content_type": 1, "object_id": "16", "object_repr": "Queen", "action_flag": 2, "change_message": "[{\"changed\": {\"fields\": [\"Name\"]}}]"}}, {"model": "admin.logentry", "pk": 61, "fields": {"action_time": "2024-04-09T11:02:47.574Z", "user": 6, "content_type": 3, "object_id": "17", "object_repr": "Queen-Freddie Mercury_tee", "action_flag": 1, "change_message": "[{\"added\": {}}]"}}, {"model": "admin.logentry", "pk": 62, "fields": {"action_time": "2024-04-09T11:10:31.932Z", "user": 6, "content_type": 1, "object_id": "17", "object_repr": "Linkin Park", "action_flag": 1, "change_message": "[{\"added\": {}}]"}}, {"model": "admin.logentry", "pk": 63, "fields": {"action_time": "2024-04-09T11:10:38.866Z", "user": 6, "content_type": 3, "object_id": "18", "object_repr": "Linkin Park-Chester B. tee", "action_flag": 1, "change_message": "[{\"added\": {}}]"}}, {"model": "admin.logentry", "pk": 64, "fields": {"action_time": "2024-04-09T11:11:25.710Z", "user": 6, "content_type": 3, "object_id": "17", "object_repr": "Queen-Freddie Mercury tee", "action_flag": 2, "change_message": "[{\"changed\": {\"fields\": [\"Name\"]}}]"}}, {"model": "admin.logentry", "pk": 65, "fields": {"action_time": "2024-04-09T11:21:08.264Z", "user": 6, "content_type": 1, "object_id": "18", "object_repr": "Green Day", "action_flag": 1, "change_message": "[{\"added\": {}}]"}}, {"model": "admin.logentry", "pk": 66, "fields": {"action_time": "2024-04-09T11:21:16.032Z", "user": 6, "content_type": 3, "object_id": "19", "object_repr": "Green Day tee", "action_flag": 1, "change_message": "[{\"added\": {}}]"}}, {"model": "admin.logentry", "pk": 67, "fields": {"action_time": "2024-04-10T09:54:21.518Z", "user": 1, "content_type": 1, "object_id": "19", "object_repr": "Judas Priest", "action_flag": 1, "change_message": "[{\"added\": {}}]"}}, {"model": "admin.logentry", "pk": 68, "fields": {"action_time": "2024-04-10T09:54:29.320Z", "user": 1, "content_type": 3, "object_id": "20", "object_repr": "Judas Priest jacket", "action_flag": 1, "change_message": "[{\"added\": {}}]"}}, {"model": "admin.logentry", "pk": 69, "fields": {"action_time": "2024-04-10T10:04:56.711Z", "user": 1, "content_type": 1, "object_id": "20", "object_repr": "Ramones", "action_flag": 1, "change_message": "[{\"added\": {}}]"}}, {"model": "admin.logentry", "pk": 70, "fields": {"action_time": "2024-04-10T10:05:03.636Z", "user": 1, "content_type": 3, "object_id": "21", "object_repr": "Ramones jacket", "action_flag": 1, "change_message": "[{\"added\": {}}]"}}, {"model": "admin.logentry", "pk": 71, "fields": {"action_time": "2024-04-10T10:11:04.414Z", "user": 1, "content_type": 1, "object_id": "21", "object_repr": "Red Hot Chili Peppers", "action_flag": 1, "change_message": "[{\"added\": {}}]"}}, {"model": "admin.logentry", "pk": 72, "fields": {"action_time": "2024-04-10T10:11:55.650Z", "user": 1, "content_type": 3, "object_id": "22", "object_repr": "RHCP jacket", "action_flag": 1, "change_message": "[{\"added\": {}}]"}}, {"model": "admin.logentry", "pk": 73, "fields": {"action_time": "2024-04-10T10:48:43.715Z", "user": 1, "content_type": 1, "object_id": "22", "object_repr": "Muse", "action_flag": 1, "change_message": "[{\"added\": {}}]"}}, {"model": "admin.logentry", "pk": 74, "fields": {"action_time": "2024-04-10T10:48:51.851Z", "user": 1, "content_type": 3, "object_id": "23", "object_repr": "'Black Holes and Revelations' CD record", "action_flag": 1, "change_message": "[{\"added\": {}}]"}}, {"model": "admin.logentry", "pk": 75, "fields": {"action_time": "2024-04-10T10:55:47.712Z", "user": 1, "content_type": 1, "object_id": "23", "object_repr": "Eagles", "action_flag": 1, "change_message": "[{\"added\": {}}]"}}, {"model": "admin.logentry", "pk": 76, "fields": {"action_time": "2024-04-10T10:57:08.434Z", "user": 1, "content_type": 3, "object_id": "24", "object_repr": "'Hotel California' CD record", "action_flag": 1, "change_message": "[{\"added\": {}}]"}}, {"model": "auth.permission", "pk": 1, "fields": {"name": "Can add band", "content_type": 1, "codename": "add_band"}}, {"model": "auth.permission", "pk": 2, "fields": {"name": "Can change band", "content_type": 1, "codename": "change_band"}}, {"model": "auth.permission", "pk": 3, "fields": {"name": "Can delete band", "content_type": 1, "codename": "delete_band"}}, {"model": "auth.permission", "pk": 4, "fields": {"name": "Can view band", "content_type": 1, "codename": "view_band"}}, {"model": "auth.permission", "pk": 5, "fields": {"name": "Can add category", "content_type": 2, "codename": "add_category"}}, {"model": "auth.permission", "pk": 6, "fields": {"name": "Can change category", "content_type": 2, "codename": "change_category"}}, {"model": "auth.permission", "pk": 7, "fields": {"name": "Can delete category", "content_type": 2, "codename": "delete_category"}}, {"model": "auth.permission", "pk": 8, "fields": {"name": "Can view category", "content_type": 2, "codename": "view_category"}}, {"model": "auth.permission", "pk": 9, "fields": {"name": "Can add item", "content_type": 3, "codename": "add_item"}}, {"model": "auth.permission", "pk": 10, "fields": {"name": "Can change item", "content_type": 3, "codename": "change_item"}}, {"model": "auth.permission", "pk": 11, "fields": {"name": "Can delete item", "content_type": 3, "codename": "delete_item"}}, {"model": "auth.permission", "pk": 12, "fields": {"name": "Can view item", "content_type": 3, "codename": "view_item"}}, {"model": "auth.permission", "pk": 13, "fields": {"name": "Can add log entry", "content_type": 4, "codename": "add_logentry"}}, {"model": "auth.permission", "pk": 14, "fields": {"name": "Can change log entry", "content_type": 4, "codename": "change_logentry"}}, {"model": "auth.permission", "pk": 15, "fields": {"name": "Can delete log entry", "content_type": 4, "codename": "delete_logentry"}}, {"model": "auth.permission", "pk": 16, "fields": {"name": "Can view log entry", "content_type": 4, "codename": "view_logentry"}}, {"model": "auth.permission", "pk": 17, "fields": {"name": "Can add permission", "content_type": 5, "codename": "add_permission"}}, {"model": "auth.permission", "pk": 18, "fields": {"name": "Can change permission", "content_type": 5, "codename": "change_permission"}}, {"model": "auth.permission", "pk": 19, "fields": {"name": "Can delete permission", "content_type": 5, "codename": "delete_permission"}}, {"model": "auth.permission", "pk": 20, "fields": {"name": "Can view permission", "content_type": 5, "codename": "view_permission"}}, {"model": "auth.permission", "pk": 21, "fields": {"name": "Can add group", "content_type": 6, "codename": "add_group"}}, {"model": "auth.permission", "pk": 22, "fields": {"name": "Can change group", "content_type": 6, "codename": "change_group"}}, {"model": "auth.permission", "pk": 23, "fields": {"name": "Can delete group", "content_type": 6, "codename": "delete_group"}}, {"model": "auth.permission", "pk": 24, "fields": {"name": "Can view group", "content_type": 6, "codename": "view_group"}}, {"model": "auth.permission", "pk": 25, "fields": {"name": "Can add user", "content_type": 7, "codename": "add_user"}}, {"model": "auth.permission", "pk": 26, "fields": {"name": "Can change user", "content_type": 7, "codename": "change_user"}}, {"model": "auth.permission", "pk": 27, "fields": {"name": "Can delete user", "content_type": 7, "codename": "delete_user"}}, {"model": "auth.permission", "pk": 28, "fields": {"name": "Can view user", "content_type": 7, "codename": "view_user"}}, {"model": "auth.permission", "pk": 29, "fields": {"name": "Can add content type", "content_type": 8, "codename": "add_contenttype"}}, {"model": "auth.permission", "pk": 30, "fields": {"name": "Can change content type", "content_type": 8, "codename": "change_contenttype"}}, {"model": "auth.permission", "pk": 31, "fields": {"name": "Can delete content type", "content_type": 8, "codename": "delete_contenttype"}}, {"model": "auth.permission", "pk": 32, "fields": {"name": "Can view content type", "content_type": 8, "codename": "view_contenttype"}}, {"model": "auth.permission", "pk": 33, "fields": {"name": "Can add session", "content_type": 9, "codename": "add_session"}}, {"model": "auth.permission", "pk": 34, "fields": {"name": "Can change session", "content_type": 9, "codename": "change_session"}}, {"model": "auth.permission", "pk": 35, "fields": {"name": "Can delete session", "content_type": 9, "codename": "delete_session"}}, {"model": "auth.permission", "pk": 36, "fields": {"name": "Can view session", "content_type": 9, "codename": "view_session"}}, {"model": "auth.permission", "pk": 37, "fields": {"name": "Can add search history", "content_type": 10, "codename": "add_searchhistory"}}, {"model": "auth.permission", "pk": 38, "fields": {"name": "Can change search history", "content_type": 10, "codename": "change_searchhistory"}}, {"model": "auth.permission", "pk": 39, "fields": {"name": "Can delete search history", "content_type": 10, "codename": "delete_searchhistory"}}, {"model": "auth.permission", "pk": 40, "fields": {"name": "Can view search history", "content_type": 10, "codename": "view_searchhistory"}}, {"model": "auth.permission", "pk": 41, "fields": {"name": "Can add rating", "content_type": 11, "codename": "add_rating"}}, {"model": "auth.permission", "pk": 42, "fields": {"name": "Can change rating", "content_type": 11, "codename": "change_rating"}}, {"model": "auth.permission", "pk": 43, "fields": {"name": "Can delete rating", "content_type": 11, "codename": "delete_rating"}}, {"model": "auth.permission", "pk": 44, "fields": {"name": "Can view rating", "content_type": 11, "codename": "view_rating"}}, {"model": "auth.group", "pk": 1, "fields": {"name": "Admins", "permissions": [13, 14, 15, 16, 21, 22, 23, 24, 17, 18, 19, 20, 25, 26, 27, 28, 1, 2, 3, 4, 5, 6, 7, 8, 9, 10, 11, 12, 29, 30, 31, 32, 33, 34, 35, 36]}}, {"model": "auth.group", "pk": 2, "fields": {"name": "Users", "permissions": []}}, {"model": "auth.user", "pk": 1, "fields": {"password": "pbkdf2_sha256$720000$0ujvsUxjUFpleDns9svTTA$gXMC/A1IjFNlMzaG+Jsx532/pR8aqg3rPRUm34SQTic=", "last_login": "2024-04-10T20:01:10.292Z", "is_superuser": true, "username": "phreakypro", "first_name": "", "last_name": "", "email": "phreakypro@gmail.com", "is_staff": true, "is_active": true, "date_joined": "2024-04-03T10:13:01.993Z", "groups": [], "user_permissions": []}}, {"model": "auth.user", "pk": 2, "fields": {"password": "pbkdf2_sha256$720000$KAkUXbv7hIUmUiZQPag0zm$tQPQY4NNm8YX9Qg8Z+J9WptsiVFIRk/7vVBbFvr+UDk=", "last_login": "2024-04-12T10:15:26.889Z", "is_superuser": false, "username": "User1", "first_name": "", "last_name": "", "email": "", "is_staff": false, "is_active": true, "date_joined": "2024-04-04T19:57:10Z", "groups": [2], "user_permissions": []}}, {"model": "auth.user", "pk": 3, "fields": {"password": "pbkdf2_sha256$720000$rYq9LV7ood7odD19VYCpT2$W+ddPvRxGv0UyrPktmEaOSJ/6qiBxe7vGd4ar0Y8fTA=", "last_login": "2024-04-07T11:02:51Z", "is_superuser": false, "username": "User2", "first_name": "", "last_name": "", "email": "", "is_staff": false, "is_active": true, "date_joined": "2024-04-07T11:02:49Z", "groups": [2], "user_permissions": []}}, {"model": "auth.user", "pk": 4, "fields": {"password": "pbkdf2_sha256$720000$MlwtqfNDAY3XYjRZRaEtxi$P6zdTjtyKsTo8fDDcv7e//hlbc66oBkUvHkN60ifQ0c=", "last_login": "2024-04-07T11:03:28Z", "is_superuser": false, "username": "User3", "first_name": "", "last_name": "", "email": "", "is_staff": false, "is_active": true, "date_joined": "2024-04-07T11:03:27Z", "groups": [2], "user_permissions": []}}, {"model": "auth.user", "pk": 5, "fields": {"password": "pbkdf2_sha256$720000$vHsKYvye5t3ttkFq9IzLVW$KXeMccYi5FaPPBGc6t6hMdB5oVCtFanOJDUl09iELGY=", "last_login": "2024-04-07T18:39:41Z", "is_superuser": false, "username": "User4", "first_name": "", "last_name": "", "email": "User4@hotmail.com", "is_staff": false, "is_active": true, "date_joined": "2024-04-07T18:39:39Z", "groups": [2], "user_permissions": []}}, {"model": "auth.user", "pk": 6, "fields": {"password": "pbkdf2_sha256$720000$9eIU0Mas8eb4SfXXGyM5Rb$TgsZoIi2Ju6vyupg5qsPgBo5OZ/slTqbG9gqVB9qTRk=", "last_login": "2024-04-09T09:10:32.740Z", "is_superuser": true, "username": "Mr.Mister", "first_name": "Mister", "last_name": "Mister", "email": "MrMister@hotmail.com", "is_staff": true, "is_active": true, "date_joined": "2024-04-07T18:58:39Z", "groups": [1], "user_permissions": [13, 14, 15, 16, 21, 22, 23, 24, 17, 18, 19, 20, 25, 26, 27, 28, 1, 2, 3, 4, 5, 6, 7, 8, 9, 10, 11, 12, 44, 40, 29, 30, 31, 32, 33, 34, 35, 36]}}, {"model": "contenttypes.contenttype", "pk": 1, "fields": {"app_label": "catalog", "model": "band"}}, {"model": "contenttypes.contenttype", "pk": 2, "fields": {"app_label": "catalog", "model": "category"}}, {"model": "contenttypes.contenttype", "pk": 3, "fields": {"app_label": "catalog", "model": "item"}}, {"model": "contenttypes.contenttype", "pk": 4, "fields": {"app_label": "admin", "model": "logentry"}}, {"model": "contenttypes.contenttype", "pk": 5, "fields": {"app_label": "auth", "model": "permission"}}, {"model": "contenttypes.contenttype", "pk": 6, "fields": {"app_label": "auth", "model": "group"}}, {"model": "contenttypes.contenttype", "pk": 7, "fields": {"app_label": "auth", "model": "user"}}, {"model": "contenttypes.contenttype", "pk": 8, "fields": {"app_label": "contenttypes", "model": "contenttype"}}, {"model": "contenttypes.contenttype", "pk": 9, "fields": {"app_label": "sessions", "model": "session"}}, {"model": "contenttypes.contenttype", "pk": 10, "fields": {"app_label": "catalog", "model": "searchhistory"}}, {"model": "contenttypes.contenttype", "pk": 11, "fields": {"app_label": "catalog", "model": "rating"}}, {"model": "sessions.session", "pk": "0u0zywsrgeq0bx5ntwdl786yccskhsow", "fields": {"session_data": ".eJxVjMsOwiAQRf-FtSG8YVy69xvIAINUDU1KuzL-uzbpQrf3nHNfLOK2trgNWuJU2JkZdvrdEuYH9R2UO_bbzPPc12VKfFf4QQe_zoWel8P9O2g42rd2NaASVSrrjRBa6ADKBCAN1TuLEqXzTgGprH2QBLnYRNaESiCytJ69P6fWNpw:1rtXDl:m4vVjBNLeToAOg7-H37uB9X0ZI_zMhTiYNAeNzSWJ1I", "expire_date": "2024-04-21T18:26:25.424Z"}}, {"model": "sessions.session", "pk": "choamxj1wjixa1gip7n107jgndyojjgo", "fields": {"session_data": ".eJxVjEEOwiAQRe_C2pCxFAou3fcMZIYZpGpoUtqV8e7apAvd_vfef6mI21ri1mSJE6uLOqvT70aYHlJ3wHest1mnua7LRHpX9EGbHmeW5_Vw_w4KtvKtLTAEzDk5MdaCxyDkZRjQcGcBgPs-cMrZZJ_Ad-BYxJEQG0zE6NT7A_hXORs:1rrxd1:NfoX7k1k1I4CX_-Y1LONfWM2smwce-xU2v91Kc5z9_I", "expire_date": "2024-04-17T10:13:59.858Z"}}, {"model": "sessions.session", "pk": "flc5mi36oslyfcxkyw2x5wypu0olmpvu", "fields": {"session_data": ".eJxVjMsOwiAQRf-FtSG8KS7d-w1kGBipGkhKuzL-uzbpQrf3nHNfLMK21riNssQ5szNz7PS7JcBHaTvId2i3zrG3dZkT3xV-0MGvPZfn5XD_DiqM-q1xAkVACY0uwWsL5IwFzCpIjeSckU54JXQhHyatkEiBF9kESNZIldn7A_odOAQ:1ru7Uu:-EYrxk-87V5Lr5Tp4gpmDQawIc-GRN2TC6H9D1UH-8E", "expire_date": "2024-04-23T09:10:32.740Z"}}, {"model": "sessions.session", "pk": "liobgtjnwyp122rsb9z64k70b05qrad0", "fields": {"session_data": ".eJxVjDsOwyAQBe9CHaHlYwQp0-cMCJYlOIlAMnZl5e7BkouknZn3dubDtha_dVr8nNiVSXb5ZTHgi-oh0jPUR-PY6rrMkR8JP23n95bofTvbv4MSehlrwEkgABKicspEKaKxkZyOMkvKMKCEDEJbMTqrBWGwSjk9GRUUSPb5AtdONus:1rucBi:ERHP9DQXq5613TECmAIfj0ATnvQkFJcQOLnzSDBZl0s", "expire_date": "2024-04-24T17:56:46.595Z"}}, {"model": "sessions.session", "pk": "opsxodmvesfes9fvn2b3qve2qvh9k2fg", "fields": {"session_data": ".eJxVjDsOwyAQBe9CHaHlYwQp0-cMCJYlOIlAMnZl5e7BkouknZn3dubDtha_dVr8nNiVSXb5ZTHgi-oh0jPUR-PY6rrMkR8JP23n95bofTvbv4MSehlrwEkgABKicspEKaKxkZyOMkvKMKCEDEJbMTqrBWGwSjk9GRUUSPb5AtdONus:1rvDwM:bUZNArPS2vLbHIryni615tBmgPIWBEe7OXqcruvYMPY", "expire_date": "2024-04-26T10:15:26.901Z"}}, {"model": "sessions.session", "pk": "r838ptw9qz3chvlfsmlwjwkc0tgw87jh", "fields": {"session_data": ".eJxVjDsOwyAQBe9CHaHlYwQp0-cMCJYlOIlAMnZl5e7BkouknZn3dubDtha_dVr8nNiVSXb5ZTHgi-oh0jPUR-PY6rrMkR8JP23n95bofTvbv4MSehlrwEkgABKicspEKaKxkZyOMkvKMKCEDEJbMTqrBWGwSjk9GRUUSPb5AtdONus:1rsTSA:9Y4OK4Ketwab0FmXQECKFZKx1pV3WLmyenR1Saaq6og", "expire_date": "2024-04-18T20:12:54.136Z"}}, {"model": "sessions.session", "pk": "tokdzm0f98qf8dbq6fx1plq6qijlcqft", "fields": {"session_data": ".eJxVjEEOwiAQRe_C2pCxFAou3fcMZIYZpGpoUtqV8e7apAvd_vfef6mI21ri1mSJE6uLOqvT70aYHlJ3wHest1mnua7LRHpX9EGbHmeW5_Vw_w4KtvKtLTAEzDk5MdaCxyDkZRjQcGcBgPs-cMrZZJ_Ad-BYxJEQG0zE6NT7A_hXORs:1rue86:kmI4aAijPVEWC2t1fWpwTtOMeyYb_WGLCKE5k6v2mwg", "expire_date": "2024-04-24T20:01:10.292Z"}}, {"model": "sessions.session", "pk": "zn9tztkp9mvz7gftgv85cskg828a5s7u", "fields": {"session_data": ".eJxVjDsOwyAQBe9CHaHlYwQp0-cMCJYlOIlAMnZl5e7BkouknZn3dubDtha_dVr8nNiVSXb5ZTHgi-oh0jPUR-PY6rrMkR8JP23n95bofTvbv4MSehlrwEkgABKicspEKaKxkZyOMkvKMKCEDEJbMTqrBWGwSjk9GRUUSPb5AtdONus:1rtnMj:6xP3h4VEM5OzRdksnDq8At6ccxnOZ_2kpZZ1HxTfKBk", "expire_date": "2024-04-22T11:40:45.196Z"}}, {"model": "sessions.session", "pk": "zq691thmicfbh28h6zyvtt4zgw8bwbpa", "fields": {"session_data": ".eJxVjDsOwyAQBe9CHaHlYwQp0-cMCJYlOIlAMnZl5e7BkouknZn3dubDtha_dVr8nNiVSXb5ZTHgi-oh0jPUR-PY6rrMkR8JP23n95bofTvbv4MSehlrwEkgABKicspEKaKxkZyOMkvKMKCEDEJbMTqrBWGwSjk9GRUUSPb5AtdONus:1rtZ5j:tGIZfy8eqh8jBjoxqlKcDL6QHFqbsnkvQTomqRA_Gs4", "expire_date": "2024-04-21T20:26:15.088Z"}}]
